time,coin,dir,px,sz,ntl,fee,closedPnl
8/22/2026 - 02:10:23,ETHFI,Open Long,0.5583,89.5,49.96785,0.007495,-0.007495
8/22/2026 - 02:10:32,PUMP,Open Long (Price Improved),0.003832,13048,49.999936,0.007499,-0.007499
8/22/2026 - 02:10:48,SKY,Open Long,0.06491,770,49.9807,0.007497,-0.007497
8/22/2026 - 02:10:51,MORPHO,Open Long,2.2931,21.8,49.98958,0.007498,-0.007498
8/22/2026 - 02:10:51,ENA,Open Long,0.1352,369,49.888799999999996,0.007483,-0.007483
8/22/2026 - 11:43:35,ETHFI,Close Long,0.58468,89.5,52.32886,0.023547,2.3374629999999996
8/22/2026 - 11:43:35,ENA,Close Long,0.15023,369,55.434870000000004,0.024945,5.5211250000000005
8/22/2026 - 11:43:35,MORPHO,Close Long,2.2174449541,21.8,48.34029999938,0.021751,-1.670892
8/22/2026 - 11:43:35,PUMP,Close Long,0.004797,13048,62.591256,0.028166,12.563153999999999
8/22/2026 - 11:43:35,SKY,Close Long,0.0674622857,770,51.945959989,0.023374,1.941886
8/23/2026 - 02:08:56,ETH,Open Long,2368.8,0.0216,51.16608000000001,0.007674,-0.007674
8/23/2026 - 10:22:41,ETH,Close Long,2461.9,0.0216,53.177040000000005,0.023929,1.9870309999999998
8/23/2026 - 22:38:54,SKY,Open Long,0.06755,220,14.861,0.002229,-0.002229
8/23/2026 - 22:45:18,SKY,Open Long,0.06755,570,38.5035,0.005774,-0.005774
8/24/2026 - 05:16:12,UNI,Open Long,4.347,13.3,57.81510000000001,0.008672,-0.008672
8/24/2026 - 08:00:27,AAVE,Open Long,134.69,0.44,59.2636,0.008889,-0.008889
8/24/2026 - 10:43:03,SUI,Open Long,0.8149,65,52.9685,0.007945,-0.007945
8/24/2026 - 10:43:03,LDO,Open Long,0.3841,145,55.6945,0.008354,-0.008354
8/24/2026 - 14:01:22,MORPHO,Open Long,2.6358,23.8,62.732040000000005,0.009409,-0.009409
8/24/2026 - 14:01:28,ZEC,Open Long,820.7,0.07,57.449000000000005,0.008617,-0.008617
8/24/2026 - 23:27:59,ZEC,Close Long,856.57,0.07,59.95990000000001,0.026981,2.4839189999999998
8/25/2026 - 13:16:24,ETH,Open Long,2473.7,0.0202,49.96874,0.022485,-0.022485
8/25/2026 - 13:18:41,ETH,Open Long,2475.5,0.48,1188.24,0.534708,-0.534708
8/25/2026 - 13:21:02,BTC,Open Long,79236,0.012,950.832,0.427874,-0.427874
8/25/2026 - 13:45:59,MORPHO,Open Long,2.5616626,100,256.16626,0.115272,-0.115272
8/25/2026 - 14:11:42,AAVE,Open Long,126.31,0.39,49.2609,0.007389,-0.007389
8/25/2026 - 18:23:34,ETH,Open Long,2425.6,0.5,1212.8,0.545759,-0.545759
8/25/2026 - 18:26:21,SUI,Open Long,0.75601,65,49.14065,0.022113,-0.022113
8/26/2026 - 05:06:10,SKY,Close Long,0.0693988949,790,54.825126970999996,0.024669,1.4359579999999998
8/26/2026 - 05:06:49,ETH,Close Long,2460.7,1.0002,2461.1921399999997,1.107535,9.084503
8/26/2026 - 05:12:48,LDO,Open Long,0.35861,290,103.9969,0.046798,-0.046798
8/26/2026 - 09:01:55,MORPHO,Close Long,2.5931,123.8,321.02578,0.144461,1.983661
8/26/2026 - 10:54:46,SUI,Open Long,0.7442,130,96.746,0.014511,-0.014511
8/26/2026 - 11:42:19,LDO,Open Long,0.3466,435,150.77100000000002,0.022615,-0.022615
8/26/2026 - 11:46:07,BTC,Open Long,77864,0.012,934.368,0.140155,-0.140155
8/26/2026 - 18:41:52,BTC,Close Long,78712,0.024,1889.088,0.850089,3.037911
8/26/2026 - 18:58:27,UNI,Close Long,4.3636,13.3,58.03588,0.026116,0.194664
8/26/2026 - 19:21:57,LDO,Close Long,0.3582441701,870,311.672427987,0.14025,1.072678
8/26/2026 - 19:50:52,AAVE,Open Long,125.97,1.66,209.1102,0.031366,-0.031366
8/26/2026 - 20:50:34,SUI,Close Long,0.7651484538,260,198.938597988,0.089521,-0.004123000000000002
8/27/2026 - 05:16:37,AAVE,Close Long,129.02,2.49,321.25980000000004,0.144566,3.480625
8/27/2026 - 10:48:30,BTC,Open Long,79041,0.1,7904.1,1.185615,-1.185615
8/27/2026 - 10:52:43,BTC,Close Long,79295,0.1,7929.5,3.568274,21.831726
8/28/2026 - 00:55:19,MORPHO,Open Long,2.5002873,200,500.05746,0.225023,-0.225023
8/28/2026 - 05:49:53,MORPHO,Close Long,2.5372788,200,507.45576000000005,0.228354,7.171405999999999
8/28/2026 - 09:43:12,SOL,Open Long,104.56,4.78,499.7968,0.074969,-0.074969
8/28/2026 - 10:03:10,ZEC,Open Long,798.96,0.62,495.3552,0.222909,-0.222909
8/28/2026 - 10:22:02,SOL,Close Long,104.93,4.78,501.56540000000007,0.225703,1.542897
8/28/2026 - 10:42:42,BTC,Open Long,79003,0.00632,499.29896,0.074894,-0.074894
8/28/2026 - 11:02:21,ZEC,Open Long,785.3,1.27,997.3309999999999,0.149599,-0.149599
8/28/2026 - 11:02:25,ADA,Open Long,0.2061,2426,499.9986,0.074999,-0.074999
8/28/2026 - 11:37:05,ZEC,Close Long,811.94,1.89,1534.5666,0.690554,41.189956
8/28/2026 - 11:37:14,ADA,Close Long,0.20971,2426,508.75646,0.22894,8.528920000000001
8/28/2026 - 11:37:18,BTC,Close Long,79446.5759493671,0.00632,502.10236000000015,0.225944,2.5774559999999997
8/28/2026 - 13:02:12,HYPE,Open Long,81.57,6.12,499.2084,0.224643,-0.224643
8/28/2026 - 13:18:50,HYPE,Open Long,80.454,6.21,499.61933999999997,0.074942,-0.074942
8/28/2026 - 15:31:14,HYPE,Open Long,79.477,12.33,979.95141,0.146992,-0.146992
8/28/2026 - 18:33:22,HYPE,Close Long,80.5762652068,24.66,1987.010699999688,0.894154,7.338962
8/30/2026 - 13:13:11,ETH,Open Short,2501.8,0.0999,249.92982000000003,0.037489,-0.037489
8/30/2026 - 13:15:28,BTC,Open Short,79243,0.00315,249.61545,0.037442,-0.037442
8/30/2026 - 13:41:21,ETH,Open Short,2534,0.0986,249.8524,0.037477,-0.037477
8/30/2026 - 20:41:37,ETH,Close Short,2404.8,0.1985,477.35280000000006,0.214808,22.213707
8/31/2026 - 09:04:19,BTC,Close Short,78463,0.00315,247.15845,0.111221,2.345779
9/2/2026 - 10:42:41,BTC,Open Short,77122,0.0031,239.07819999999998,0.035861,-0.035861
9/2/2026 - 10:44:04,ETH,Open Short,2405,0.1021,245.5505,0.036832,-0.036832
9/2/2026 - 13:20:21,BTC,Open Short,77552,0.00642,497.88384,0.074682,-0.074682
9/2/2026 - 23:34:44,BTC,Open Short,77880,0.00937,729.7356,0.10946,-0.10946
9/3/2026 - 09:32:10,BTC,Open Short,78415,0.019,1489.885,0.223482,-0.223482
9/3/2026 - 10:51:14,ETH,Close Short,2430.7,0.1021,248.17446999999999,0.111678,-2.735648
9/3/2026 - 11:25:15,BTC,Open Short,79404,0.03786,3006.23544,0.450935,-0.450935
9/4/2026 - 06:42:36,PUMP,Open Long,0.00427,58561,250.05547,0.112524,-0.112524
9/4/2026 - 08:38:01,PUMP,Open Long,0.004221,58561,247.185981,0.111232,-0.111232
9/4/2026 - 09:34:31,BTC,Close Short,79887,0.075,5991.525,2.696186,-90.446186
9/4/2026 - 09:35:15,BTC,Short > Long,79944,0.075,5995.8,2.69811,-3.61836
9/4/2026 - 09:36:02,BTC,Open Long,79822,0.00626,499.68572,0.224858,-0.224858
9/4/2026 - 16:25:15,PUMP,Close Long,0.004327,117122,506.786894,0.228054,9.37595
9/6/2026 - 19:56:33,BTC,Close Long,80042,0.08051,6444.18142,2.899881,5.754944
9/7/2026 - 13:05:35,BTC,Open Long,78837,0.00317,249.91329000000002,0.11246,-0.11246
9/7/2026 - 17:03:28,BTC,Close Long,79301,0.00317,251.38417,0.113122,1.357758
9/8/2026 - 15:39:24,ZEC,Open Long,1166.8,0.21,245.028,0.036754,-0.036754
9/9/2026 - 00:53:04,ZEC,Close Long,1186.2,0.21,249.102,0.112095,3.961905
9/9/2026 - 10:37:28,BTC,Open Long,79279,0.00126,99.89154,0.014983,-0.014983
9/9/2026 - 11:01:22,BTC,Open Long,78958,0.00126,99.48708,0.014923,-0.014923
9/9/2026 - 12:01:37,BTC,Open Long,78722,0.00252,198.37944000000002,0.029756,-0.029756
9/9/2026 - 12:42:25,BTC,Open Long,78607,0.00508,399.32356000000004,0.179695,-0.179695
9/10/2026 - 09:30:36,BTC,Open Long,77630,0.01015,787.9445,0.118191,-0.118191
9/10/2026 - 09:36:12,BTC,Open Long,77354,0.02027,1567.96558,0.705584,-0.705584
9/11/2026 - 10:56:51,BTC,Close Long,78758,0.04054,3192.84932,1.436782,38.422146
9/13/2026 - 19:37:52,ZEC,Open Long,1077.1,0.09,96.939,0.043622,-0.043622
9/14/2026 - 00:14:30,ZEC,Close Long,1110.8,0.09,99.972,0.044987,2.988013
9/14/2026 - 23:16:41,ZEC,Open Long,1163.9,0.08,93.11200000000001,0.041899,-0.041899
9/15/2026 - 10:35:37,ETH,Open Long,2462,0.0406,99.95719999999999,0.014993,-0.014993
9/15/2026 - 10:35:38,LDO,Open Long,0.3534,282.9,99.97685999999999,0.014996,-0.014996
9/15/2026 - 10:35:38,BTC,Open Long,76646,0.0026,199.2796,0.029891,-0.029891
9/15/2026 - 10:39:23,ZEC,Open Long,1120,0.18,201.6,0.03024,-0.03024
9/15/2026 - 11:40:08,AAVE,Open Long,125.63,0.79,99.2477,0.014887,-0.014887
9/15/2026 - 11:51:41,PUMP,Open Long,0.003489,28661,99.998229,0.014999,-0.014999
9/15/2026 - 16:16:32,ZEC,Close Long,1149.2,0.26,298.79200000000003,0.134456,3.9455679999999997
9/15/2026 - 16:16:40,PUMP,Close Long,0.003578,28661,102.549058,0.046147,2.504682
9/16/2026 - 09:20:27,LDO,Open Long,0.3305,302.5,99.97625000000001,0.014996,-0.014996
9/16/2026 - 10:05:42,AAVE,Open Long,118.1,0.84,99.204,0.01488,-0.01488
9/16/2026 - 11:48:57,ETH,Open Long,2382.3,0.0419,99.81837,0.014972,-0.014972
9/16/2026 - 20:55:45,LDO,Close Long,0.34884,585.4,204.21093599999998,0.091894,4.169818
9/17/2026 - 05:02:06,AAVE,Close Long,123.3,1.63,200.97899999999998,0.09044,2.436875
9/17/2026 - 05:02:48,ETH,Close Long,2443.4,0.0825,201.58050000000003,0.090711,1.714389
9/17/2026 - 09:18:28,BTC,Close Long,76907,0.0026,199.95819999999998,0.089981,0.588619
9/18/2026 - 08:46:08,SOL,Open Long,105.72,1.89,199.8108,0.089914,-0.089914
9/18/2026 - 09:19:53,ZEC,Open Long,1460.8,0.13,189.904,0.085456,-0.085456
9/18/2026 - 09:40:58,SOL,Close Long,106.04,1.89,200.4156,0.090187,0.514613
9/18/2026 - 12:08:53,ZEC,Open Long,1469.4,0.13,191.02200000000002,0.085959,-0.085959
9/18/2026 - 17:24:32,ZEC,Close Long,1481.8,0.26,385.26800000000003,0.17337,4.168629999999999
9/19/2026 - 19:56:51,ZEC,Open Long,1475.6,0.25,368.9,0.166005,-0.166005
9/20/2026 - 05:43:52,ZEC,Open Long,1435,0.25,358.75,0.053812,-0.053812
9/20/2026 - 17:55:16,ZEC,Close Long,1498.5,0.25,374.625,0.168581,10.631419000000001
9/20/2026 - 19:10:51,ZEC,Close Long,1509.1,0.25,377.275,0.169773,13.280227
9/21/2026 - 13:15:46,LDO,Open Long,0.4368431827,458.1,200.11786199487,0.09005,-0.09005
9/21/2026 - 14:16:27,ZEC,Open Long,1482,0.5,741,0.111149,-0.111149
9/21/2026 - 17:31:34,LDO,Close Long,0.4377716154,458.1,200.54317701474,0.090244,0.336529
9/22/2026 - 03:43:55,ZEC,Close Long,1500.3,0.5,750.15,0.337567,8.812433
9/22/2026 - 04:04:02,UNI,Open Long,8.8664151111,22.5,199.49433999975,0.089771,-0.089771
9/22/2026 - 04:14:53,LDO,Open Long,0.42248,473.6,200.08652800000002,0.090038,-0.090038
9/22/2026 - 09:32:23,UNI,Close Long,8.9972,22.5,202.43699999999998,0.091096,2.8516790000000003
9/22/2026 - 10:37:34,LDO,Open Long,0.413718418,966.5,399.858850997,0.179935,-0.179935
9/22/2026 - 11:31:21,LDO,Open Long,0.4092950657,1468.9,601.21352200673,0.270545,-0.270545
9/22/2026 - 13:44:26,LDO,Close Long,0.4148797446,2909,1206.8851770413999,0.543095,5.186892
9/23/2026 - 09:55:41,AAVE,Open Long,146.62,1.36,199.40320000000003,0.089731,-0.089731
9/23/2026 - 12:57:01,AAVE,Open Long,139.25,1.43,199.1275,0.089606,-0.089606
9/24/2026 - 06:30:25,AAVE,Open Long,135.54,1.47,199.2438,0.029886,-0.029886
9/24/2026 - 11:19:06,AAVE,Close Long,143.4767370892,4.26,611.210899999992,0.275044,13.16158
9/24/2026 - 11:40:56,PUMP,Open Long,0.003944,50709,199.99629599999997,0.089998,-0.089998
9/24/2026 - 11:52:49,PUMP,Open Long,0.003845,52015,199.997675,0.029999,-0.029999
9/25/2026 - 08:16:20,PUMP,Close Long,0.004205,102724,431.95442,0.194379,31.855509
9/25/2026 - 10:49:17,ZEC,Open Long,1592.8,0.12,191.136,0.086011,-0.086011
9/25/2026 - 12:37:29,ZEC,Open Long,1546.3,0.12,185.55599999999998,0.027833,-0.027833
9/25/2026 - 12:51:11,ZEC,Open Long,1532.9,0.13,199.27700000000002,0.029891,-0.029891
9/25/2026 - 14:30:38,ZEC,Open Long,1517.8,0.13,197.314,0.08879,-0.08879
9/25/2026 - 18:08:35,ZEC,Open Long,1532.8,0.13,199.264,0.089668,-0.089668
9/26/2026 - 09:08:15,ZEC,Close Long,1550.3,0.63,976.689,0.43951,3.702551
9/26/2026 - 14:20:15,ZEC,Open Long,1561,0.12,187.32,0.028097,-0.028097
9/26/2026 - 18:23:02,ZEC,Close Long,1631.9,0.12,195.828,0.088122,8.419877999999999
9/27/2026 - 11:47:34,ZEC,Open Long,1619.5,0.13,210.535,0.03158,-0.03158
9/27/2026 - 11:50:15,BTC,Open Long,84530,0.01183,999.9899,0.449995,-0.449995
9/27/2026 - 17:20:40,BTC,Close Long,84708,0.01183,1002.09564,0.450943,1.6547969999999999
9/27/2026 - 19:40:17,ZEC,Open Long,1586.4,0.12,190.368,0.085665,-0.085665
9/28/2026 - 00:32:15,ZEC,Open Long,1561,0.12,187.32,0.028097,-0.028097
9/28/2026 - 09:08:12,ZEC,Close Long,1593,0.37,589.41,0.265234,0.9218
9/28/2026 - 11:49:57,ZEC,Open Long,1549,0.13,201.37,0.030205,-0.030205
9/28/2026 - 18:27:12,ZEC,Open Long,1445.5,0.13,187.91500000000002,0.028187,-0.028187
9/28/2026 - 23:51:19,ZEC,Open Long,1376.4,0.14,192.69600000000003,0.086713,-0.086713
9/30/2026 - 10:27:40,ZEC,Close Long,1489,0.4,595.6,0.26802,13.35098
9/30/2026 - 10:47:26,ZEC,Open Long,1465.1,0.13,190.463,0.085708,-0.085708
9/30/2026 - 11:20:03,ZEC,Open Long,1456.8,0.15,218.51999999999998,0.032778,-0.032778
9/30/2026 - 12:20:22,ZEC,Open Long,1420.5,0.56,795.4800000000001,0.119321,-0.119321
9/30/2026 - 12:50:25,ZEC,Close Long,1447,0.41,593.27,0.266971,5.110384
9/30/2026 - 13:51:18,ZEC,Close Long,1475.6,0.43,634.5079999999999,0.285528,17.652137
9/30/2026 - 16:50:10,AAVE,Open Long,158.2746031746,1.26,199.425999999996,0.08974,-0.08974
9/30/2026 - 22:31:28,AAVE,Close Long,161.35,1.26,203.301,0.091484,3.78352
10/1/2026 - 04:28:41,UNI,Open Long,8.783,22.7,199.37409999999997,0.029906,-0.029906
10/1/2026 - 09:43:59,UNI,Close Long,9.0224,22.7,204.80847999999997,0.092163,5.342217
10/1/2026 - 11:40:23,PUMP,Open Long,0.00552,36656,202.34112,0.030351,-0.030351
10/1/2026 - 11:49:04,PUMP,Open Long,0.005455,13641,74.411655,0.011161,-0.011161
10/1/2026 - 11:49:04,PUMP,Open Long,0.005455,23022,125.58501,0.018836,-0.018836
10/1/2026 - 13:33:59,PUMP,Close Long,0.0056879591,73319,417.0354732529,0.187665,14.546458